lei,name,ticker,exchange,shares,source,eps_derived,price,revenue_m,implied_cap_rev,note
529900EVOKN4LCCD9321,AT & S Austria Technologie & Systemtechnik Aktiengesellschaft,ATS,AV,,,482231,154.6000,1589.6,,FILL IN
724500E5WW4731JJ4G46,Avantium N.V.,AVTX,NA,,,,4.9700,14.6,,FILL IN
549300AK8Y0LBIQ4T071,BIOMERIEUX SA,BIM,FP,,,,71.9000,4069.8,,FILL IN
74370089ATTSNBXJVT29,Biohit Oyj,BIOBV,FH,,,152111,2.3800,15.7,,FILL IN
743700ZKOMTB7X00OW54,Eezy Oyj,EEZY,FH,,,25800000,0.1880,139.3,,FILL IN
635400IUIZZIUJSAMF76,Fortum Oyj,FORTUM,FH,,,,23.4600,4989.0,,FILL IN
815600C851C90CAE6438,GAROFALO HEALTH CARE S.P.A.,GHC,IM,,,,5.3000,487.1,,FILL IN
8156009414FD99443B48,HERA S.P.A.,HER,IM,,,,3.5640,12812.2,,FILL IN
7437000PN6E448NPGY86,HKFoods Oyj,HKFOODS,FH,,,22000000,1.6520,996.4,,FILL IN
5493002B0GOVF42KWX33,Hiab Oyj,HIAB,FH,,,,61.2500,1556.3,,FILL IN
549300FLGHUKNZMHZN17,IEP INVEST,IEP,BB,,,4536842,0.0020,5.9,,FILL IN
815600B5D89DAB660021,IMMSI S.P.A.,IMS,IM,,,,0.5180,1592.8,,FILL IN
969500I9Y690B3FZW590,INVENTIVA,IVA,FP,,,186388421,3.3500,4.5,,FILL IN
815600F4A5F5D3BCD688,ITALIAN EXHIBITION GROUP S.P.A.,IEG,IM,,,,16.4500,0.3,,FILL IN
815600E546497667D288,ITALMOBILIARE SOCIETA' PER AZIONI O IN FORMA ABBREVIATA ITALMOBILIARE SPA,ITM,IM,,,,25.2000,773.4,,FILL IN
5493000FHOCPRAERG577,Josef Manner & Comp. Aktiengesellschaft,MAN,AV,,,,102.0000,304.3,,FILL IN
724500J0ITXIWK2CJX62,N.V. Bever Holding,BEVER,NA,,,16481818,2.8000,-0.3,,FILL IN
969500667RSYIH8YL895,NANOBIOTIX,NANO,FP,,,47922000,30.7000,29.6,,FILL IN
549300CAAOUTT4QDOZ16,"PETROL, Slovenska energetska družba, d.d., Ljubljana",PETG,SV,,,41145390,,6139.8,,FILL IN
815600F8217BC7733697,PHARMANUTRA S.P.A.,PHN,IM,,,9576,74.3000,131.7,,FILL IN
724500Q41FHN0P1GPC53,PostNL N.V.,PNL,NA,,,5,0.8680,3324.0,,FILL IN
5493005HPJ40IY377O47,SOGEFI S.P.A.,SGF,IM,,,119465,2.0550,984.8,,FILL IN
969500WQFC6OAQYG7E65,TELEVISION FRANCAISE 1,TFI,FP,,,,6.7350,2296.9,,FILL IN
4N6SD705LP5XZKA2A097,Vantiva,VANTI,FP,,,491250000,0.0895,1736.0,,FILL IN
529900IIODYNYAZ2ID26,Zumtobel Group AG,ZAG,AV,,,,3.9100,1097.2,,FILL IN
097900BGMP0000061061,"AB ""Amber Grid""",AMG1L,LH,136000000,eps-derived,136000000,1.1900,69.6,2.33,
529900YXT3CDTZGS0R43,"AB ""Grigeo""",GRG1L,LH,131722222,eps-derived,131722222,1.0100,246.4,0.54,
5299005NNDRP09PFOY81,"AB ""VILKYŠKIŲ PIENINĖ""",VLP1L,LH,11886957,eps-derived,11886957,15.3500,286.9,0.64,
5493006MN6OH67U2YI74,AMG Critical Materials N.V.,AMG,NA,32106897,eps-derived,32106897,29.0000,1708.3,0.55,
724500Y6DUVHQD6OXN27,ASML Holding N.V.,ASML,NA,388918507,eps-derived,388918507,1377.2000,32667.3,16.40,
549300ZIL1V7D7F3YH40,ATENOR,ATEB,BB,57805000,eps-derived,57805000,1.0000,147.0,0.39,
8156008F25C4B0E7C860,AVIO S.P.A.,AVIO,IM,30811012,eps-derived,30811012,28.2100,583.7,1.49,
724500973ODKK3IFQ447,Adyen N.V.,ADYEN,NA,31613389,eps-derived,31613389,941.6000,2646.9,11.25,
743700KOUL1GQQQREP40,Afarak Group SE,AFAGR,FH,297767,eps-derived,297767,0.2480,0.1,0.52,
52990001IQUJ710GHH43,"Akcinė bendrovė ""Invalda INVL""",IVL1L,LH,12461376,eps-derived,12461376,27.4000,20.4,16.73,
5299005U9E85Y55OHK45,"Akcinė bendrovė ""ŽEMAITIJOS PIENAS""",ZMP1L,LH,40958491,eps-derived,40958491,2.7000,340.3,0.32,
529900XX7EU9F4GJTY86,"Akcinė prekybos bendrovė ""APRANGA""",APG1L,LH,55917241,eps-derived,55917241,3.9300,307.2,0.72,
724500HDW6IWR9J5YT90,Alfen N.V.,ALFEN,NA,18900000,eps-derived,18900000,11.1800,435.6,0.49,
743700ILU1PL86IW3429,Alma Media Oyj,ALMA,FH,83939394,eps-derived,83939394,13.6500,327.1,3.50,
549300VZKC61IR5U8G96,Andritz AG,ANDR,AV,98129032,eps-derived,98129032,82.7000,7883.1,1.03,
52990007AXNSS4PNX352,Anora Group Oyj,ANORA,FH,68750000,eps-derived,68750000,3.9250,657.9,0.41,
815600CC86D25A205563,Ariston Holding N.V.,ARIS,IM,367777778,eps-derived,367777778,3.5480,2707.1,0.48,
7245007A1YFLI2GNYX06,BE Semiconductor Industries N.V.,BESI,NA,79301807,eps-derived,79301807,175.8000,591.3,23.58,
549300BLWVJN2BAT0A44,BREMBO N.V.,BRE,IM,317175758,eps-derived,317175758,10.1200,3702.7,0.87,
724500HUXGTQC07CAZ61,Basic-Fit N.V.,BFIT,NA,65909091,eps-derived,65909091,32.2400,1420.5,1.50,
724500Y5L5UIEYCJCZ03,Brunel International N.V.,BRNL,NA,50883333,eps-derived,50883333,7.2800,1217.7,0.30,
815600115DA6E507AE33,CAREL INDUSTRIES S.P.A.,CRL,IM,113295385,eps-derived,113295385,25.2500,629.0,4.55,
8156008BFBC06F53DD56,CEMBRE S.P.A.,CMB,IM,16839350,eps-derived,16839350,81.6000,247.2,5.56,
724500QDJRUMSPRDHW25,CM.com N.V.,CMCOM,NA,31550000,eps-derived,31550000,6.7800,259.4,0.82,
549300LTH67W4GWMRF57,COCA-COLA EUROPACIFIC PARTNERS PLC,CCEP,NA,455868545,eps-derived,455868545,90.1000,20901.0,1.97,
8156008B101B97A43B02,Cementir Holding N.V.,CEM,IM,155542577,eps-derived,155542577,13.7500,1639.6,1.30,
5493000O0NZ1BCXO8K39,Colruyt Group,COLR,BB,123553114,eps-derived,123553114,38.8200,10963.4,0.44,
743700JMXCC11CRJCS71,Consti Oyj,CONSTI,FH,8116667,eps-derived,8116667,11.2500,336.2,0.27,
724500BGF3XIKX9EST18,Ctac N.V.,CTAC,NA,14396000,eps-derived,14396000,2.8200,125.7,0.32,
549300DV5KJ23OKVTW34,D'IETEREN GROUP,DIE,BB,53939009,eps-derived,53939009,170.8000,8033.5,1.15,
213800ED5AN2J56N6Z02,DAVIDE CAMPARI-MILANO N.V.,CPR,IM,1194137931,eps-derived,1194137931,5.9760,3051.2,2.34,
743700QVAG6OXK5OP587,Digia Oyj,DIGIA,FH,26760417,eps-derived,26760417,5.5000,217.0,0.68,
81560048ECF8D2059980,ENAV S.P.A.,ENAV,IM,547388841,eps-derived,547388841,4.8260,982.7,2.69,
BUCRF72VH5RBN7X3VL35,ENI S.P.A.,ENI,IM,3343589744,eps-derived,3343589744,24.3000,82151.0,0.99,
529900P4JZBFEVNEAE60,EVN AG,EVN,AV,178244898,eps-derived,178244898,28.6000,3000.0,1.70,
969500M2EFP3ASV8WL56,EXEL INDUSTRIES,EXE,FP,6767083,eps-derived,6767083,19.1500,983.0,0.13,
743700TU2S3DXWGU7H32,Elisa Oyj,ELISA,FH,160563380,eps-derived,160563380,37.7000,2257.1,2.68,
7245009QH646WM76PR25,Envipco Holding N.V.,ENVI,NA,59594444,eps-derived,59594444,3.2300,90.3,2.13,
7437006I5533R06JU690,Etteplan Oyj,ETTE,FH,25173810,eps-derived,25173810,8.6600,361.4,0.60,
743700205JAMGM80QD88,Exel Composites Oyj,EXEL,FH,109800000,eps-derived,109800000,13.5000,103.2,14.36,
213800SB6EOB8SSK9W63,FINNAIR OYJ,FIA1S,FH,204444444,eps-derived,204444444,4.3940,3106.2,0.29,
549300ZTYB9HDCOHS439,FOUNTAIN SA,FOU,BB,5593333,eps-derived,5593333,1.3000,30.3,0.24,
529900N7I4DSM16GF659,FREQUENTIS AG,FQT,AV,13352358,eps-derived,13352358,67.4000,580.1,1.55,
391200WHND7OZEFNNL77,Fabasoft AG,FAA,AV,11000000,eps-derived,11000000,15.7500,86.8,1.99,
7245000V8JJ8CE1L8G60,Fastned B.V.,FAST,NA,19501290,eps-derived,19501290,38.8500,139.2,5.44,
743700BKTW4EQIVKYY42,Fiskars Oyj Abp,FSKRS,FH,77500000,eps-derived,77500000,13.2800,1140.2,0.90,
52990038OKF8UAD5LA12,Frauenthal Holding AG,FKA,AV,7780645,eps-derived,7780645,22.2000,790.4,0.22,
969500BVOHVZUUFWDT54,GAZTRANSPORT ET TECHNIGAZ,GTT,FP,37261261,eps-derived,37261261,216.6000,803.0,10.05,
969500WV1U1WQ059L135,GUERBET,GBT,FP,12158361,eps-derived,12158361,7.4000,786.4,0.11,
969500N24EZ7HPKJIV79,GUILLEMOT CORPORATION,GUI,FP,15200000,eps-derived,15200000,4.0600,127.2,0.49,
7437002ULTBOWQQOXL69,Harvia Oyj,HARVIA,FH,18883571,eps-derived,18883571,42.7000,198.9,4.05,
724500M1WJLFM9TYBS04,Heineken Holding N.V.,HEIO,NA,280825959,eps-derived,280825959,67.5000,34257.0,0.55,
724500K5PTPSST86UQ23,Heineken N.V.,HEIA,NA,557692308,eps-derived,557692308,71.6600,34257.0,1.17,
549300TTCXZOGZM2EY83,"INDUSTRIA DE DISEÑO TEXTIL, S.A.",ITX,SM,3113588110,eps-derived,3113588110,52.9400,38632.0,4.27,
969500SARWF33OPQED48,INTERPARFUMS,ITP,FP,80106962,eps-derived,80106962,28.1600,899.4,2.51,
549300O7SBDSNG4IB582,IRCE S.P.A,IRC,IM,26393162,eps-derived,26393162,2.3400,377.6,0.16,
815600F25FF44EF1FA76,ITALGAS S.P.A.,IG,IM,946929577,eps-derived,946929577,8.1640,3589.1,2.15,
2138001CNF45JP5XZK38,KONE OYJ,KNEBV,FH,518571429,eps-derived,518571429,50.1200,11245.2,2.31,
529900PD3SI453KAW989,Kapsch TrafficCom AG,KTCG,AV,14288448,eps-derived,14288448,4.4400,530.3,0.12,
74370031Y7RK5H88CQ48,Kemira Oyj,KEMIRA,FH,153559322,eps-derived,153559322,17.0200,2753.5,0.95,
724500IGR5FBK0RLZI29,Kendrion N.V.,KENDR,NA,15725806,eps-derived,15725806,18.9000,245.5,1.21,
743700J7NHT5OLSJ3B78,Keskisuomalainen Oyj,KSL,FH,10961250,eps-derived,10961250,9.2400,212.8,0.48,
743700OX6HSVMCAHPB95,Kesko Oyj,KESKOA,FH,396274510,eps-derived,396274510,21.2000,12474.7,0.67,
549300EF0CDEQZBMA096,Konecranes Oyj,KCR,FH,79483101,eps-derived,79483101,28.5200,4187.8,0.54,
724500OUE3PCA809DZ79,Koninklijke Heijmans N.V.,HEIJM,NA,27526427,eps-derived,27526427,84.8500,2772.2,0.84,
549300YO0JZHAL7FVP81,Koninklijke KPN N.V.,KPN,NA,4071428571,eps-derived,4071428571,4.1650,5797.0,2.93,
H1FJE8H61JGM1JSGM897,Koninklijke Philips N.V.,PHIA,NA,962365591,eps-derived,962365591,21.4800,17834.0,1.16,
724500UL634GFV1KYF10,Koninklijke Vopak N.V.,VPK,NA,115708812,eps-derived,115708812,47.8600,1298.9,4.26,
743700POUUQ3CS3Q7S40,Kreate Group Oyj,KREATE,FH,8873239,eps-derived,8873239,29.9000,315.2,0.84,
969500R4CLSQFTYYI535,LA FRANCAISE DES JEUX,FDJU,FP,185157895,eps-derived,185157895,22.0900,3677.5,1.11,
529900TR0K86WYPDQW04,LINZ TEXTIL HOLDING AG,LTH,AV,300362,eps-derived,300362,164.0000,65.3,0.75,
969500UU4O58BR802Y55,LISI,FII,FP,46419934,eps-derived,46419934,62.3000,1747.9,1.65,
529900CTIUKTEFNNH157,LITGRID AB,LGD1L,LH,503250000,eps-derived,503250000,1.1150,429.3,1.31,
743700IFQI6W89M1IY95,Lindex Group Oyj,LINDEX,FH,163750000,eps-derived,163750000,2.3100,952.3,0.40,
743700Z9Z54VGHZA0028,Luotea Oyj,LASTIK,FH,38226950,eps-derived,38226950,7.0000,346.0,0.77,
OQXDLNM5DTBULYMF5U27,MERSEN,MRN,FP,24736842,eps-derived,24736842,36.5800,1186.4,0.76,
815600EBD7FB00525B20,MONCLER S.P.A.,MONC,IM,271285714,eps-derived,271285714,43.8700,3132.1,3.80,
984500E0A1C4DLBA3878,MOTORK PLC,MTRK,NA,48076000,eps-derived,48076000,2.2000,40.9,2.58,
74370053IOY42B9YJ350,Marimekko Oyj,MEKKO,FH,40666667,eps-derived,40666667,9.3700,189.6,2.01,
5299001AMHDLKUM80611,Mayr-Melnhof Karton Aktiengesellschaft,MMK,AV,19584715,eps-derived,19584715,73.9000,3885.3,0.37,
743700IE9NQGF9YZAI97,Musti Group Oyj,MUSTI,FH,33845455,eps-derived,33845455,14.5000,508.9,0.96,
969500JJ71T2DIPDVV84,NEXITY,NXI,FP,55408235,eps-derived,55408235,5.4600,2821.0,0.11,
724500X4WAS3V33MVX37,Nedap N.V.,NEDAP,NA,6609140,eps-derived,6609140,91.3000,279.8,2.16,
5493009GY1X8GQ66AM14,Neste Oyj,NESTE,FH,757894737,eps-derived,757894737,32.2000,19016.0,1.28,
743700DYZ6R1QNLWQA56,NoHo Partners Oyj,NOHO,FH,21168831,eps-derived,21168831,7.5000,358.0,0.44,
743700YQIO8Y4L4WKR40,Nokian Renkaat Oyj,TYRES,FH,136363636,eps-derived,136363636,15.5200,1373.6,1.54,
743700O69NCHTNEV0362,Nurminen Logistics Oyj,NLG1V,FH,77275000,eps-derived,77275000,0.5860,109.4,0.41,
549300NCMRGIBJYUOE57,OCI N.V.,OCI,NA,210907003,eps-derived,210907003,4.0700,1086.0,0.79,
549300UWB1AIR85BM957,Oriola Oyj,ORIOLA,FH,181333333,eps-derived,181333333,0.8800,1906.2,0.08,
5493009YRUJJDCFF0R80,Outokumpu Oyj,OUT1V,FH,441935484,eps-derived,441935484,5.4350,5468.0,0.44,
5299008TBI1EUJJSWP89,PIERER Mobility AG,BMAG,AV,33804375,eps-derived,33804375,28.3000,1009.4,0.95,
529900ARBU9SBJFNX419,PORR AG,POS,AV,38671333,eps-derived,38671333,36.1500,6295.9,0.22,
724500DCJ9MPG74JEH91,Pharming Group N.V.,PHARM,NA,712750000,eps-derived,712750000,0.9126,376.1,1.73,
74370058MTRLEDOCHV67,Pihlajalinna Oyj,PIHLIS,FH,23789241,eps-derived,23789241,10.6400,652.3,0.39,
54930036WK3GMCN17Z57,QIAGEN N.V.,QGE4,AV,218484000,eps-derived,218484000,36.6000,2090.0,3.83,
743700GO2XU2ZYYDKW67,Qt Group Oyj,QTCOM,FH,25428800,eps-derived,25428800,33.0400,216.3,3.88,
5493004V6A3Z027YT216,REMY COINTREAU,RCO,FP,51794872,eps-derived,51794872,43.0000,984.6,2.26,
969500F7JLTX36OUI695,RENAULT,RNO,FP,273343336,eps-derived,273343336,29.7100,57922.0,0.14,
74370083282NHIP4QD02,Raisio Oyj,RAIKV,FH,154666667,eps-derived,154666667,2.4500,224.2,1.69,
7245009EAAUUQJ0U4T57,Randstad N.V.,RAND,NA,180120482,eps-derived,180120482,37.5000,23077.0,0.29,
7437009TB42O2AB3JW91,Rapala VMC Oyj,RAP1V,FH,21304348,eps-derived,21304348,1.6750,227.5,0.16,
5299009A2CSKJBWWKY81,Rath Aktiengesellschaft,RAT,AV,1500680,eps-derived,1500680,21.0000,94.3,0.33,
743700HSIESZ75X06H10,Rebl Group Oyj,REBL,FH,12551365,eps-derived,12551365,1.0400,108.4,0.12,
529900JK6UXHY1YKZ082,Redcare Pharmacy N.V.,SHOP,AV,20160428,eps-derived,20160428,53.3000,2940.9,0.37,
743700NRL9EH2FLPH480,Robit Oyj,ROBIT,FH,30400000,eps-derived,30400000,1.3450,78.8,0.52,
529900DS2PAVS3K9RV51,Rosenbauer International AG,ROS,AV,9626499,eps-derived,9626499,65.4000,1429.0,0.44,
549300RDGCRYZ5QE6513,SBM OFFSHORE N.V.,SBMO,NA,175619048,eps-derived,175619048,35.6200,5903.0,1.06,
549300ZD9ED8GSG3JW36,SBO AG,SBO,AV,15716667,eps-derived,15716667,29.7000,455.3,1.03,
969500UR00DF63I0VH67,SOCIETE BIC,BB,FP,41487981,eps-derived,41487981,67.0000,2090.1,1.33,
213800413RZM6IS8GM09,"SOCIÉTÉ DE SERVICES, DE PARTICIPATIONS, DE DIRECTION ET D'ELABORATION",SPA,BB,4151663,eps-derived,4151663,348.0000,399.5,3.62,
969500ZR92SQCU9TST26,SOITEC,SOI,FP,35873438,eps-derived,35873438,125.0000,890.9,5.03,
213800Z8NOHIKRI42W10,STMICROELECTRONICS N.V.,STMI,AV,906060606,eps-derived,906060606,41.9900,11800.0,3.22,
529900HM9YCQHAU2QC84,SW Umwelttechnik Stoiser & Wolschner AG,SWUT,AV,726824,eps-derived,726824,37.0000,112.5,0.24,
743700XJC24THUPK0S03,Sanoma Oyj,SANOMA,FH,331666667,eps-derived,331666667,9.6300,1302.5,2.45,
7437004XD6U0FFDCT507,Scanfil Oyj,SCANFL,FH,65956452,eps-derived,65956452,12.1400,797.1,1.00,
724500J0BPD5CLHCK040,Sif Holding N.V.,SIFG,NA,27793939,eps-derived,27793939,3.4200,597.0,0.16,
743700HXWTM31ZHBXW13,Solteq Oyj,SOLTEQ,FH,19500000,eps-derived,19500000,0.2950,46.7,0.12,
7245008G22FOV7TYYJ34,TKH Group N.V.,TWEKA,NA,39819409,eps-derived,39819409,50.5000,1761.2,1.14,
8156005DBE6CA468DD09,TOSCANA AEROPORTI S.P.A.,TYA,IM,18611561,eps-derived,18611561,17.5500,115.9,2.82,
743700MRPVYI7ASHCX38,Tecnotree Oyj,TEM1V,FH,22671111,eps-derived,22671111,6.6700,72.4,2.09,
743700CJRQRU0007GN59,Teleste Oyj,TLT1V,FH,18533333,eps-derived,18533333,3.3400,138.6,0.45,
7437001AEZHLL3UEX093,Terveystalo Oyj,TTALO,FH,126849315,eps-derived,126849315,7.6600,1278.9,0.76,
549300EW2KM4KROKQV31,Tietoevry Oyj,TIETO,FH,119067797,eps-derived,119067797,19.0300,1852.3,1.22,
213800D9O7FUQDH83V62,VALMET OYJ,VALMT,FH,184210526,eps-derived,184210526,27.9200,5197.0,0.99,
5299006UDSEJCTTEJS30,VERBUND AG,VER,AV,347179953,eps-derived,347179953,59.2500,8013.6,2.57,
743700RNDD7KU11HW873,Vaisala Oyj,VAIAS,FH,36463415,eps-derived,36463415,55.1000,596.9,3.37,
743700QZE6B52SHHTV75,Verkkokauppa.com Oyj,VERK,FH,45862963,eps-derived,45862963,3.4200,526.5,0.30,
815600AB2BDB42BC0E81,WIIT S.P.A.,WIIT,IM,24962226,eps-derived,24962226,28.8500,164.0,4.39,
529900CPC3UZMJ3DTN75,Wolford Aktiengesellschaft,WOL,AV,12471678,eps-derived,12471678,2.3200,75.6,0.38,
529900M13GM4VSTE6W80,YIT Oyj,YIT,FH,171428571,eps-derived,171428571,3.7100,1757.0,0.36,
815600DFC29A91FF0C71,"ZIGNAGO VETRO S.P.A. CON LA SIGLA ""Z.V. S.P.A.""",ZV,IM,88129032,eps-derived,88129032,6.6000,444.8,1.31,
52990050T51W55KK4X45,ad pepper media International N.V.,APM,AV,23792308,eps-derived,23792308,2.7000,50.2,1.28,
529900MVUWACNUTK8467,Österreichische Post Aktiengesellschaft,POST,AV,67448980,eps-derived,67448980,31.5500,3043.3,0.70,
